{
    "temperature": 3.1972134113311768,
    "rain": 32.577789306640625,
    "wind": 5.939584255218506
}